,"(0, 0)","(0, 1)","(0, 2)","(1, 0)","(1, 1)","(1, 2)","(2, 0)","(2, 1)","(2, 2)","(3, 0)","(3, 1)","(3, 2)","(4, 0)","(4, 1)","(4, 2)","(5, 0)","(5, 1)","(5, 2)","(6, 0)","(6, 1)","(6, 2)","(7, 0)","(7, 1)","(7, 2)","(8, 0)","(8, 1)","(8, 2)","(9, 0)","(9, 1)","(9, 2)","(10, 0)","(10, 1)","(10, 2)","(11, 0)","(11, 1)","(11, 2)","(12, 0)","(12, 1)","(12, 2)","(13, 0)","(13, 1)","(13, 2)","(14, 0)","(14, 1)","(14, 2)","(15, 0)","(15, 1)","(15, 2)","(16, 0)","(16, 1)","(16, 2)","(17, 0)","(17, 1)","(17, 2)","(18, 0)","(18, 1)","(18, 2)","(19, 0)","(19, 1)","(19, 2)","(20, 0)","(20, 1)","(20, 2)","(21, 0)","(21, 1)","(21, 2)","(22, 0)","(22, 1)","(22, 2)","(23, 0)","(23, 1)","(23, 2)","(24, 0)","(24, 1)","(24, 2)","(25, 0)","(25, 1)","(25, 2)","(26, 0)","(26, 1)","(26, 2)","(27, 0)","(27, 1)","(27, 2)","(28, 0)","(28, 1)","(28, 2)","(29, 0)","(29, 1)","(29, 2)"
0,1.763269009308867,4.190491189330575,3.4509619476996813,2.6659755747305702,1.4538493647699784,5.72700345374026,1.9612095859778647,2.925315801556848,6.015384257334472,2.267094715321212,0.5747638154674681,3.2607261110901917,2.5970266361014547,2.4869420816887304,5.789971492778673,2.2424999897943847,3.2197582487523277,3.4134815353264005,2.65308280311629,2.343417367774156,5.775156946427009,2.1741944722996545,2.479886183588329,6.036754910820748,1.0756583197557732,2.7819225024699796,4.340166764242591,1.3872739110830707,3.962990783687038,4.963784087751307,4.107053610770632,4.677563954477665,4.518483489614606,1.5218260934403887,2.207715143591705,4.880624370649228,2.9361870359513125,1.3637744186904397,2.58162646941706,2.1253971962081146,3.4878330721392907,5.511866646148891,3.1978313915037293,4.213618854646232,4.59396675060916,2.1558676305206665,2.862134692508021,4.187151481883908,0.8126797895075182,3.3630667835714454,5.070601596150447,2.783371345293658,3.157228590906798,2.399633175531962,2.5682350472055164,3.454656997026929,4.450265229825597,2.592226034284945,5.012866918848995,2.774108204701295,3.6622487875578122,3.3443927131307016,4.625564831723978,1.7382866790572156,4.665942531895705,4.398224878499473,3.467580596236826,4.933850153756337,1.9917937915795538,0.8379547441815927,3.006500743152315,3.458409584974448,2.098434359154132,2.319949671898806,4.962048604741968,2.593284426612245,5.168200656231877,3.6140152720451857,0.6323887964672144,2.5319492069139518,3.0455873635762862,2.109891923911552,5.764579601182763,4.629445236533502,3.5505556734533297,3.425869988741167,4.656019339317014,3.8293044083872925,3.3489935608516594,3.6095886640192396
1,2.8038918703503963,3.945171246348666,3.18411211764619,1.5603050916831607,1.0156340125431194,5.641471970748907,3.3101649638841892,2.6013482473537866,5.118733138266498,1.225723603383082,3.2391177827837825,3.8013545044632746,3.6184345519096643,1.1633782579377705,4.39611582737193,-0.29214613421394164,2.9352152907529794,3.3692984760177196,2.258340305309752,1.6342625074766177,4.876631208865641,2.869741793757857,3.8323805915826994,4.386348284200264,2.5432086393654463,1.7038007579500334,3.933974017719994,0.8000190878499678,4.224383960730194,3.4581625219799275,3.27965004028148,6.647883177315388,6.32049818798745,0.23040993616632505,2.437410471210305,4.318715107039398,3.9751061497100553,0.9748886796085131,3.1347290038238502,3.3204216371715356,3.2522068611352233,4.345448301859419,3.846941150352354,3.2405752685969085,2.4720433666778607,0.3705389804655209,3.456065262229806,6.00506933693651,1.899902074801437,5.302008921825993,3.5597452362185953,3.707753680638823,2.5702769039620583,3.6404493050140383,2.2306236995876922,5.673976010426874,2.849486364810422,2.510906265570645,5.072500056107424,3.2316034864318084,3.3507768609728537,4.446370523086573,4.492297040349209,2.1821209739647136,6.104507811191033,1.8306198879758189,3.1574099863522602,4.582359181642132,1.6640784728942744,1.04663279968242,4.057071262297239,2.1744817209668996,1.7379334073577124,2.3499632684217953,5.688026560093629,1.0564836966777669,4.681504409768018,3.834431458934576,0.16475122589361257,2.4862023060764114,1.997803679195152,1.038967215812622,3.9792713304855654,5.187632149144749,2.5711431723058173,4.931158868664829,6.147928849371802,3.8345206238636442,3.529374558737498,5.569569522356682
2,3.283615757056353,5.67822356441818,1.9467536672028756,1.6473126912237714,2.47442457052851,4.828800656931515,2.2648176435028664,3.4599752470121192,6.519154420762508,1.5694897393820293,3.0604541552828977,1.7829800583598316,3.909545892337242,0.7454247062462971,3.622838390154683,0.2193890903396537,3.7834271365187906,2.1276499225310297,2.9461876913133227,0.692466678481068,5.549838847077311,3.5245156103882986,4.8703639509668,5.959006456860951,2.0283756309539536,3.9380596997448065,6.13524946796204,1.1778556659138135,6.042606578926749,4.692361909488209,3.163689261517459,6.886411863607805,4.904975633401095,0.2388143969247352,3.524172769665307,4.718551943179964,3.3787530522936318,0.7284253792209563,3.2512757017560556,2.2099833673193623,4.119636357556504,5.346842579637209,4.079020857754157,3.239689332578555,2.128591024844812,0.6014809716343846,2.6647875913731713,6.153556246237156,1.0285789930604539,4.106569109895014,2.9236002168092052,1.884501386543576,3.86202351254421,1.766453129356758,2.471685291770764,6.625129078988784,4.295118775158668,1.2122694526465398,4.138300744195642,4.739028988133334,5.6567917035793736,3.954099852418072,3.9201987143595414,2.1144064886539464,3.813664224833339,3.5669534378265295,4.39356972392014,4.075126981418638,0.6763998290477796,1.3724745462763581,3.588499399056263,3.096893277221452,3.809928449717417,3.008081774599564,6.211087023647887,2.03998034080873,4.073735960765064,4.000210965439568,0.6183236337910606,2.6320548142060556,2.383199576130865,2.3684804985132266,3.3645612108667207,5.090418093117572,3.504724046216579,5.836624534979523,4.917937930077134,3.4819154812513964,4.336896376910986,5.175738326903207
3,2.506161879127317,4.478454917612832,2.5916876029961426,2.938566323239232,1.1869554621164842,4.903624445577584,3.6513566635793877,1.76831579989207,6.992803341976906,1.764936035734389,3.940881569792699,2.411960888165956,2.180316801256293,2.4631037527387067,4.496823397634886,1.0753875298293385,2.0560537250424202,3.396856661584304,0.40065229396300395,0.9173309712122774,6.407528438099119,4.144020712855155,5.677607560989254,4.946513841725804,0.717270456836767,4.1347519222989595,6.034760427482148,1.6504694649691227,5.583471777465867,5.887984379922245,3.3890725905460695,4.0391072260367356,4.937626101813345,0.8558152455081904,2.7560896075152916,4.888445067709338,2.07775070198317,-1.867926625220482,4.138533512942376,1.939999573946627,2.501167363783842,7.008226996955062,1.8436107728712208,3.506650476474971,0.6815986032997386,-0.016997151837809477,3.0844907022482926,6.036697203044428,-0.10608135068581082,5.019342923496121,4.977534268302165,0.7313983617407647,3.7773710920638273,2.886647545664953,1.4260724881349371,5.6654237576530875,2.0441578488183687,1.4231901295595515,2.7082127676025145,2.436618041318238,5.500508089300533,5.830027313870345,4.822851676458389,1.981177263952338,4.55314549968455,6.235258564160469,3.714155739024207,2.45135551516345,0.8332268645374525,1.8663417272477258,5.569493696693261,2.423528073633315,2.296939794158477,1.5475527097030857,5.28339417702874,2.3842349104426086,3.5287115543863945,3.0751797014997093,1.5009552944294686,4.53350022309553,1.8876021490976866,3.0153805359797192,2.7453728309332437,5.106928645241326,3.7201280993213435,5.039666713214864,5.9700756495182885,3.4962168121418733,4.230340589567391,4.671275141514226
4,3.8756416897289765,3.938518267883738,0.31434308879531825,3.5783242470293155,3.4459393811597536,3.5911631864500766,2.6218344776649394,0.7965506781640505,5.549258664747424,0.5592461323896929,4.5741479901941595,3.240506363483387,3.9105568326226,1.1231496173291131,3.219407018873575,0.7915162417376557,-0.1493403924954177,2.8337276930145032,1.8776096572023495,0.6145378064530542,4.322811183392636,3.369906289291253,5.842622995760871,4.2485152224370735,-1.1995593915839096,4.2865913414550265,6.733104541531878,1.456234347134073,5.685385771119844,5.951652873982488,2.944759278617335,5.896326486603577,4.0558760101567755,1.1931842678772737,2.128944495976373,2.782453241853566,2.3541087108775076,-0.2496292816503062,3.3911344098503227,3.244365128120989,1.5678119377422146,6.318763335147332,2.2907901068529175,1.8702839827565374,0.27890315843509217,-2.053572638048459,4.993051999624521,6.211737941084636,-1.5410645029753682,4.77693270941976,5.1048464912518785,0.6604028819111836,4.337472690311214,1.773388231941574,1.6070340518218198,5.131097247021759,3.237537194814097,4.061155556955404,3.1108767815749276,2.4970226641395405,6.585759585426009,5.70448483576866,6.834244117168888,3.3175881892221755,4.969782012128228,4.670948163866445,4.59840008092966,3.499156385224305,1.2591374240402247,1.969428561040162,6.891340790655054,4.402872059801805,2.118703420294961,2.0389106805373785,7.049101330087918,2.584755057994574,4.879507579812655,1.7914404039715852,2.5745448613895285,4.428744212528195,3.4621526586972573,2.4945615720979335,4.358891225379642,4.546516037901219,2.9800618431962786,3.9672451368775246,4.574717792719446,3.319509461649493,3.2982180525809732,3.5385266751421476
5,3.4462691669110783,5.921115544149667,0.7894983571804961,5.668407211497298,3.5779457717011325,2.985535700676763,3.409593928959795,1.7089989359576143,5.947523142747512,0.8314779545418441,4.335457023363364,3.323605384175514,3.6338807206612938,0.2722998274811059,3.104379709510164,1.4843387238839272,0.8235087429474295,0.48607510765046136,2.359545497332971,-0.3335022515600988,5.148838986317314,3.2700474891793134,3.80287056046743,3.543202281375207,0.055046513196644,4.608340094919189,6.207212808128589,-0.11700678825866884,6.852964677575754,5.334609803196262,2.9660098979723983,5.1233901826860775,4.349066711971793,-0.9462961048694261,2.9026786181631827,3.1854698132202866,2.7945174504230446,-1.836469687466381,3.9034270738020878,1.485329696505573,0.9365131389277428,7.535719965045141,0.4392290467584028,1.3132708942916003,-0.74738269979236,-1.6341819362517769,4.633463569587191,7.403105105558547,-1.1132495900998485,4.632138675683218,3.6521415959033514,1.1479743195546652,4.393074870684371,0.6109810756955346,2.277503839332974,3.764061378212149,4.338222387160482,4.220630689941228,3.877706917569178,4.9828513822475164,5.927438934400238,6.502787417930802,7.969660873772212,3.8627462667525756,2.934350587280879,5.203946662623392,4.330857890879573,4.700540792808982,1.4460201063362637,2.5206355534134137,5.987805831318916,1.5059167778666116,2.8680810834277577,1.7145449106129078,7.72841785267237,3.3547078991396377,3.4440495888514135,3.126399782442213,2.9013357317348705,1.932683718684849,4.650723154028518,1.8565571295608396,4.507455534540533,6.165458508855692,3.438839326006737,4.558427226747673,5.839374848874709,3.44564174019663,1.3548310584549879,6.379554652083314
6,2.164527991488119,3.572304352070986,0.11886382285288344,6.1392357690824815,2.4138751555077276,2.9619332688261384,4.277697666987368,4.234706242548349,7.6554493614827,0.45314673148365114,5.776879087918388,4.314395541721977,3.4308872897310856,0.7529178254288087,2.9359131202507602,0.3599681111570244,-0.6126239924779691,0.5011279268111728,1.1976546759161373,-0.42887891426242275,4.71466173525392,4.686017447857635,5.074940708555345,4.20533523752538,-0.45652046012331826,4.0537168878343905,6.1518130653855,0.459922838957862,5.654068599236666,6.56012545697052,3.3423300402748866,7.3292468662746835,4.174571031656206,1.1859454317988292,1.6654557885049266,1.2737450931514853,2.3753734645893747,-3.348631968803212,4.286358864063399,2.718818343861446,-0.673952488585541,8.847722799506585,0.8751002507425265,1.620069006169002,-0.5292001178733933,-1.4150188915157116,4.8884851190473935,8.139381811535902,0.37798667779380024,3.789930175021911,5.4013651227306845,0.7677371799363142,3.6205737077398625,1.4182092863818259,1.7984041371129509,2.818113050870112,5.699492323740723,2.4049083766505186,3.661028340421927,4.083735284541508,6.423200989751625,5.50253769914728,6.314372602301208,4.727664910860176,0.05996475294880055,5.237276820246132,4.658026197742469,5.032050637442721,0.25636565523897026,1.3988750497377755,7.31052875943747,1.4074551850494559,4.178345902168355,0.5843879946322299,6.6251093475357505,2.492438854497992,4.589932149012343,5.375694973436777,1.991354287191781,1.94307351017505,5.07706294221571,1.0078288383787453,5.0825716962843694,5.289436789621176,5.073742517296036,3.618416054599632,6.712289117425219,3.8713713980766955,1.0486432276113398,7.603752084671293
7,2.279649787995105,2.2150563668411976,-0.4590827959861228,7.071887302412239,1.4341785198389878,3.48312075666947,3.473653800327668,4.226099407066453,6.902403876369217,-0.6748211846162483,5.899331180992268,4.234344487812552,3.844964645771998,0.2887824730330043,3.3628433855371433,-0.23827014282176656,0.02613055595672506,-0.46879679937217505,1.2296976184215318,0.307382347026537,4.022646665605309,3.3773699910003807,5.299251071168157,3.8672244953349324,-0.2937004748958524,2.71861332242117,5.323621548283941,3.497630807832529,5.4830628726357205,7.45538735271521,3.2201737192713034,5.909792966327098,5.533498103229766,1.9566290730266507,3.422073223752887,-0.41284450340123724,0.24120404189619865,-3.1912479191589993,6.221846457900505,1.4876314907301824,0.06374766229310347,9.083366306002176,0.1468031513697441,3.113543816150907,-1.3827964543786382,-2.3114953995787655,4.302846865648598,10.515870693206317,0.062325036448804605,2.7985167377952744,5.763886201419759,0.3339967824214719,0.6622998489366985,2.6132804542338453,2.2841627981662613,3.2529758650477745,5.342495832840993,0.6017497626976245,2.0610265777187076,2.6120200673948206,6.731917878739704,4.788909026623513,7.237740406895244,3.539534846312885,2.1844523584397604,5.261473857532958,5.438589311867106,5.729560192219347,0.48541313955760534,0.8845509174385737,7.3073654538357715,0.8875163535877106,4.617953164981533,-1.3779049613676992,6.817336021107146,1.7470290642323363,3.768260463950151,3.5876202341364514,0.5883740767587511,1.8042137541683387,6.06874459424158,1.392902142609258,4.192120735038504,4.913562930800004,4.6616406416741825,3.288881944471537,8.279944227239094,3.377583924854021,1.9901781269991712,8.003194162963966
8,2.732615448884512,2.0055816936495106,1.167692643536357,6.225204271231336,1.7178878111281617,3.072838887608865,4.321378370983955,5.441056186266604,7.375070255181283,-1.0728335999187906,6.182242025796545,1.5728546604598406,4.070454052059174,1.1024690521701737,4.157358301212725,0.4804737030863172,1.161682711365854,-2.143542425873507,3.0079041340472306,1.4348951262595984,2.9345324370720154,3.1521045646591896,6.069033419034929,5.608257322438946,0.5795277389206408,3.1273179078795015,5.984104126328131,2.498691330945704,7.3037984847388175,8.500052155705054,4.298383753292674,7.325939318653882,4.175421939921254,0.37386393212219854,2.645437300711041,-0.9703677202622739,0.2231314318184805,-1.5591771045537937,5.996404447022771,1.7809170965538368,-0.2468970907256514,6.349783636645519,0.15242263284273294,3.812067816384584,-0.4223859001466944,-1.2593776923497815,6.339255599003122,10.054917448263,-0.7178347023249994,1.509858978778305,6.5082172667138085,-0.18834010989077524,2.261355126115836,3.9672658969583843,0.17259580770029692,3.625068343176378,4.950479746821636,2.2677032879180907,3.944968014932067,1.9552908553719595,6.732665299545859,6.428055181838326,6.60405500265208,2.337047927208703,1.987806867429771,6.087901224727952,4.211387140997544,6.847476825492392,0.7511551733385494,2.5689461338081427,7.9091479404055445,0.6779357503146801,3.7947205368431733,-1.0881510613076977,9.032283547815037,2.3447034907007267,4.380068196996165,2.6045977643307414,0.4345514902106644,1.9558885317372072,5.701851574737241,0.3428218838388155,5.296943649869093,4.72921521961057,5.131810409890386,3.7428681981896235,9.040613885955098,4.09532070050604,1.6300274135438864,8.87198706733519
9,4.249131255267842,1.9506759691582132,0.9769855358776824,7.038937342789228,2.4218250470863736,4.498596153192475,3.633924391735623,5.009539838173364,7.673000459181183,-0.5391823492379545,6.9348556287628265,2.16157055965433,4.805057763590054,1.3897955437084932,3.205108908275621,-0.16027669950225887,-0.04913865260432311,-1.2401504711391742,1.4433991421449508,3.2840614761814075,2.0403687286922607,1.4566442005459084,6.18013329884021,5.271899930341111,-0.09678112125371219,3.554736228911781,5.960760460385223,2.0798907650476264,7.340103526695334,9.110893939390317,4.160508894147562,5.84825837219367,3.3151461468725674,0.6717864759729584,3.1117752965403374,-2.3825599834404714,-1.404349377393402,-0.28687200023825654,6.5461021097230985,0.6209143156720965,0.3207359510857995,6.822476082068107,0.5297054854789078,4.497184470904941,-1.114220134417199,-1.896575201808784,5.610119950061066,9.292822756363469,-1.687780369757685,1.995677687010137,6.636192953239637,-0.5418270147598352,1.7937753442262088,4.451641719242552,1.6606678331480487,2.7303035487543768,5.5698657835632135,0.9317281345245131,1.9524784700722628,1.2733173997033718,5.428761648770376,6.28378935838844,7.526316338185517,2.5015548045934897,1.3452553555010918,5.789478951951325,3.3639954245620594,4.80592995326739,0.8442089338670874,0.846727411262911,7.85082405841795,-0.2451795129362282,1.5775039407250808,0.02374895086811013,8.376142421758551,1.9474354949978083,4.23982712372151,3.17079541089612,1.1545904382400012,1.356367436018682,6.421413340819173,-0.22204531714133113,4.318356148854411,3.135377860669563,6.338200014168309,2.453664436942439,6.813221332294759,3.856484918759272,1.2280768191408538,6.446210860895672
10,5.531609045349257,2.342126986385326,-0.5924729702738005,6.295550407673345,2.113340173446699,3.2771430596415314,2.546547988129616,6.272664742877938,7.519506127313292,-0.912476456910636,8.421459825374539,1.964008954241435,5.088480738078982,0.840598796271179,2.6354751432197805,-0.6705434797395633,-1.9969051673402558,-2.5534520942377004,2.2917957410257515,3.7400456893196656,0.632035806883681,4.4000667887736205,5.735592650080874,4.153248959698747,0.8661676306833248,2.52037462520839,5.8000787561905085,2.651218910499048,6.5933359359208135,7.665774031313549,4.289488127772387,6.520168972625715,1.3005257009296027,0.395228868111397,3.651517649431935,-4.124941749882618,-0.9715176098311022,-1.8468387561315933,7.838416739571053,1.7222304097548635,0.8558605454140098,7.748172523447874,-0.019724656391382156,6.341593283644254,-0.96784026747613,-1.0920970127357634,5.474657937373617,9.825834600831513,-0.32742597762333764,-0.4128222770801815,5.698801665612268,-0.26176020141428635,1.558564977857603,3.616891276980046,1.2341814990936701,4.120876273502913,5.203007298021383,1.5901628638723149,1.6526605057571309,2.200141086921786,6.071253677795815,7.190406172586974,7.958919359946416,1.1644293468386084,2.861403681611031,4.7902035569499715,4.964975877468206,6.530955960475905,1.834241936071035,1.4363946244168786,6.528102512780704,0.9522061184627899,2.668071186069425,-0.7276769956009921,7.94986432731139,1.7564987613832614,5.154058375597,2.651437658962671,-0.21092268557727661,2.0676619419981614,7.822078828799159,-1.6528999605399994,4.513548147710554,4.054311539713735,6.22648119887214,2.097360300807602,6.052200938095305,4.773046895104609,1.0711566589634811,7.086215561265176
11,3.068068537662502,2.8397599775613447,0.8130866201929966,5.803910846809693,0.3707934415949746,-0.2802352132479373,3.6130229246194294,5.648809375887404,6.692857671362738,-1.6186566098419808,9.422431004269272,2.0712887792118884,5.141564215677816,-0.05511508268863419,3.1539990358567738,-3.587914495691884,-2.074872166792371,-4.078446844566507,1.239600253334384,0.92761374776155,0.767586035238918,3.6911189693030524,4.838797272401391,4.047367133258224,0.2947055252017151,4.954905700458954,6.266252338020173,2.010592158283558,6.643488940724324,7.386180320989167,4.621420630584125,6.00672017926617,4.351949257088644,0.8180137751998025,2.592581129625134,-5.546506902822059,-0.36376211820262006,-1.2487789889399354,8.920179847882764,0.8586685973256186,0.5341713120203417,5.167380198382625,0.4882733426762049,5.062588649587943,-1.4742998720098903,-0.33502624869281816,5.086192197103013,8.201556205322143,0.1480030326014204,-0.22405829032363284,6.027944058807913,-1.092234951834427,1.2850703180798186,5.3665052366919035,1.2855592167245324,3.5611075294897696,3.3513976519153816,2.353701075590705,0.8684864244598125,2.132281386191898,5.540855078588279,9.32726246550337,9.462522607922377,2.4771307298312757,4.820072421944192,5.79496353060476,2.9624489476657963,6.596300352292293,0.6054353961220483,2.1911263734599,6.933277248136248,0.6572892215406636,2.049483826272803,1.1475939163089626,7.412111940981972,1.3222066936551014,4.790508899579018,3.956799455807124,-0.10350553740320623,1.8766623873449173,5.834253025483143,-0.6158267940963265,4.371102676566486,3.2920047959765357,6.574259511858024,2.472483034539105,6.885698888057381,5.256146360137553,2.086570052665143,7.828723991857048
12,3.2310476129772736,3.0081074226514337,0.43355896335822736,6.67530519512353,0.632288440264788,1.2432584027041378,2.6687961004404395,6.306754918693753,6.363318149576045,-2.387454268922465,10.013066879731612,0.7950660529557884,3.3108782546935083,0.7620375772746893,2.222572068481827,-4.481466802046819,-1.9622142139418859,-5.945054381085456,1.4501982029839733,2.942818498811579,-0.7440622365420626,4.917009204803194,4.251898881026958,2.944852676991447,-0.2635742800841741,3.045476188890654,6.535342821774751,1.2750924101871044,7.37242797156112,9.565344466118741,3.8650227493564535,6.661731414043045,3.92961846143023,-0.09246427423582854,4.517267797927996,-4.974350489413488,0.24007758869153484,-1.5482734989317242,10.284731503316634,1.1036006233171423,2.5462748019550325,6.464778911395463,2.0536207983559165,5.879101773208495,-0.8936091608211006,-1.8483384215705445,4.614787299244624,7.586959918129297,1.009462657885381,-0.4787923697246482,5.596280376916508,0.4013167025625456,0.41470509615480183,4.358147603740057,1.8745599845895655,5.6732899793141645,2.180069727291756,2.5032258585098948,1.6092371042974745,0.9559673196378216,5.820568409605456,7.848340196276855,9.942183615079248,2.777588092396973,4.200987007330988,5.09085916522042,3.645786560175467,5.967900449397904,-0.9501736574637349,2.624313595481077,6.9609329783333465,1.0185211327778863,2.5752422980186918,0.7668387154257588,6.685516697160611,1.0794694952448416,4.692459705220249,5.56310565829324,-1.1435508085938118,0.8886418406395886,7.1659221682913135,0.8574058156124191,5.448057355257209,3.508401465425424,6.687979343059821,2.459077055930016,6.750795587192658,4.84432450623077,1.8519569755979814,8.374691884661473
13,3.015071489874398,2.636281351450777,0.16826156119528535,5.955554135021656,-1.0512201598518265,0.11544267809355202,3.1712600542587652,8.667345343580326,9.008939655954219,-1.581070346076562,10.084624564116313,1.4246011604304665,5.059156087745192,-0.17313608196757557,3.648000994317469,-2.7406269268643166,-1.6758994355386614,-8.211506218840976,2.6057492418209387,0.8710897289612362,0.4393394243227785,4.305422344669643,6.477433121371767,3.188623158340677,0.6753052521603176,2.907545133716094,8.374343308347884,1.4549747354460878,7.706677221142147,10.177960062429072,3.42021366089954,4.887267213483152,4.625579480906365,0.5418603443902958,3.0776689222063465,-6.654304423762372,-1.3239976497903911,-0.20780558955425893,10.875514364367175,-0.3508620636229238,2.900652111258962,7.897488002745818,1.2893514437730758,4.1140342137049615,-1.823106907013809,-2.4191800600538005,4.67941124027534,7.883065689120526,1.080904313238516,-1.435333893486848,5.114325970085451,0.18299564991864825,1.2307698154621445,6.818633786987977,1.6156365485807138,6.452997698504403,1.792802276750393,4.178166852351814,3.274312755601247,0.9365443800131404,4.843304876741705,7.931131274759387,11.834129665649497,3.04340002878613,3.9457110539183318,3.1694489039079627,4.792442084265451,6.267520136888837,1.5052546278436738,0.05620334524025841,5.7334099579543025,1.926501247548567,4.419362615856373,-1.3501740310407575,7.020631256975103,1.9433109904425991,3.67144015042042,4.228798676665453,0.5213801280528548,-0.0786602694744176,6.254548342701462,1.2036400327303913,5.227506986293336,3.3696218051509956,7.053740799627766,2.8584040500427337,8.087923735446363,3.790462885795102,2.747850590769973,7.436612911231806
14,4.262904791616769,4.129215726798782,0.7135476576656011,5.494827863510985,-1.8612264744624603,0.03073033055645147,2.8501684371172558,7.979049103106894,7.827769920926751,-2.386568183846415,12.820825084938527,-0.18246837239968433,4.608031571053871,0.704132419019158,1.8335461579714294,-1.6557691088141304,-0.9315945960993524,-9.186144486299051,1.1417032397188431,-0.6133033945421895,1.4640551712549545,4.708068394072727,6.145325438127052,3.041957816836855,1.6387822905418008,5.784505944070657,8.515580894440507,2.1196799153553467,7.168390653348903,12.342797081028273,2.330065194130288,6.937494565666579,3.1825501030985244,0.24447220041548762,4.812638353201088,-6.058882843169673,-1.5537081304752145,-1.346278565274527,11.308317925519676,-1.061830651970208,2.3432147694565337,6.200097864012447,1.4153990725563712,5.529016277320158,-1.4107692082018954,-1.4401521700138717,2.581852686371472,8.81636268613217,0.025658679680619967,-0.5696094922612384,5.019343185386272,0.3818183883521125,0.5701294913259237,7.59618818437866,2.9585001747329076,5.162221420467541,3.5852477955081565,4.174540313670644,2.545343454882592,0.7129519967870266,6.156499173830985,6.201798060288746,8.907291361539244,5.0080764495478824,3.7985755744299072,3.804840681686693,3.566215444162824,5.471828288977942,2.42317268042174,0.6579754054995439,7.794329971157512,2.977983968151308,2.5936258046364213,-2.2981406634405577,7.335057187854945,2.9422481589113376,2.714451359714618,4.981127028741244,-0.9130402698796587,1.1850028714495089,4.893814837715289,1.865802191262289,7.3559789271035765,2.9734021631619534,6.753557815515672,4.3415216937666,7.271062668556855,3.958150260231402,1.9924869360083108,8.11843519689928
15,3.8296172065726823,4.91371864652999,-0.1608206156303288,5.691198254128108,-0.9067988685508843,0.17312312492993176,3.604066863993692,9.228141582641776,9.323877240380119,-2.8010410161522827,11.028477680409301,1.9971825085188504,5.17235425951077,1.696222607751503,2.5190129181411387,-2.743500028238743,-2.7152855092825394,-9.141327400843297,1.1249941916998123,-0.6231216628184372,1.6126880334018734,5.230997846088709,3.8618226278624856,0.6358400140245237,0.4760466656042422,3.2896954759650106,9.988690167328038,0.8189311031947433,6.456009963547861,12.528158454378547,1.4163176418681076,3.8068963335655166,1.8096317249316058,0.015189907443688422,2.547326990643643,-7.487863832326142,-3.324607301310528,-0.8118718682856367,10.566322597299369,-1.0822586287993494,2.908414063325629,6.642372595507491,0.7375767349179425,7.050492067369747,-1.5290434309060683,-2.166704806795136,2.6244981212159186,8.719674154296245,1.3615814403145468,-3.6887926617705453,5.7315649953216585,1.7372104683795675,-0.4298438043243151,8.132600881022537,3.0702917978875037,3.5751238647355743,2.587188200203173,2.1251986209805134,2.9211127586128094,-0.43621214458231916,7.894819572891392,7.407907146336636,9.243366587005807,4.766281035853548,5.346948251742615,3.0758418672368797,3.194003243604119,4.804726770389261,3.1437760288976806,0.8329418197259765,6.870205838752687,3.3472155842626776,3.2936195613838146,-2.26329012746058,3.67776911396438,2.34749326197002,1.9304146170431604,3.719670721504779,-1.4944218277326968,2.3621637311229886,5.771837451005315,0.2809134447533023,7.1177324536844795,2.773543418933973,8.296884152066612,4.520003544506851,6.498263220478865,3.4869054782901,1.5530338216510957,9.767191247471771
16,2.9521171964639157,5.137944913357944,-1.473540175450707,6.014792414645461,-1.9234153129917735,-2.025513727777713,3.5718071416747272,9.967404928419368,8.99915351666257,-2.8866830687938783,11.359302744121745,2.427428010469085,3.84529579574011,0.47618225930117164,2.0503522697165435,-3.13639712496671,-2.2496978479174903,-9.154807709585768,0.6981188520493722,0.5519225006220378,1.063252116440025,6.420279774224749,6.112005869708579,3.78650005342038,0.5149236665679782,2.908003491016261,9.976580340761307,-0.5041269545638688,4.648214051741159,13.333582325136232,0.026081786530876117,4.229850794460274,2.4127404112138677,2.1845092390561085,3.3471668913844663,-7.683412973597978,-2.2571991799915043,-1.6616026871253884,7.4694013487353255,0.9164128108670989,3.5421087674040233,5.63360806623224,1.3242028950421831,6.600676296854374,-0.04382871390341769,-1.9867518433753917,3.8613496852611098,5.925142124009833,-0.20754243445763088,-4.880102979919711,5.945941255480754,1.6547865354875413,0.25305091680193514,6.274150200601365,3.856419737272262,4.69021748023736,1.1433911895078868,2.0747803070337754,3.7938529434112267,-0.9790914197902271,7.398905031576633,8.900607054599094,9.643700307339147,5.147310300717934,5.823162144135194,2.3750333436866113,4.471063960301193,2.797176884241513,2.897149565750494,1.396664012973568,6.252931141853312,2.1371511351167043,4.066312174277107,-1.8732535356348283,4.10798212459513,2.2475276963349584,2.2108881906970272,3.0049186335638938,-1.8339521793639915,3.333719776795316,7.712405564510278,0.27972988640949686,7.292946850004832,2.6452311238821014,7.117400821933601,3.0508203597195696,7.825985233920187,3.557120563665975,1.3089557134352838,8.495474377623893
17,3.247258289191313,5.465235503994901,-1.7517993272500103,4.230066750020799,-2.128707906411647,-1.3133350767182423,4.264098657022851,8.33656267999979,7.908038591763066,-3.6857632143633197,10.189764043196263,2.5284753820610355,4.486314568179199,-0.13911550992848792,5.11558610147605,-2.11699535536222,-1.0292517167281956,-9.833826956976413,-1.0237372183254743,-0.1725513940569114,0.6325885849630863,5.55697756614463,6.868135176163574,1.8202579194272135,1.4582863069394192,3.7587460949025666,11.722851170433005,0.10909254119017181,2.0815595301019645,14.439102002921791,0.18182063588615982,4.872632946327962,0.7269060588817271,1.779309835963066,4.359157709875985,-7.990742912084083,-4.58127241721118,-0.19839787791501012,6.9783704530468285,1.0776336974766307,4.718622591083019,7.504460250698739,1.5608443200282844,8.608900807041266,-1.180885947657182,-1.9562972954745628,5.407237618680693,7.376563908304072,-0.5415929700584283,-4.801145377374394,4.732919191689124,1.2730314176851738,1.2811122886495685,3.6967232584007053,4.06336191040547,2.504673458608335,0.07361179371744331,1.6297412476426731,3.9043269296715484,-2.1451097210455923,7.159766447766216,8.41431299429631,10.588080839725084,3.900282366123511,5.293652135232021,2.1747845044975667,4.755585328704789,3.287439262719117,3.115146466690639,-0.16541214618592393,7.082859740504151,2.580207321019475,3.415951473793782,-2.122035233031248,4.752264061421429,4.362669868004167,2.7950091014508027,2.918111508066594,-2.8004168600197277,2.7490345471955955,8.474441912665752,-0.7009646926745587,6.32008150588442,2.4495055566704136,5.554583530359508,4.498193421876765,6.083563715297469,3.4947957680719672,2.7918240784553423,7.606664965623697
18,3.771951242846475,4.219991018199631,-1.9088965317245765,5.384817766300443,-2.1150832798115724,-2.792005013252418,2.0047653101234593,10.382637214754912,8.987333560722535,-4.13867904119546,10.834479927286358,2.5577869978777743,2.990256811125551,-0.7748475112188653,2.8255351151092367,-3.8897080640845996,-1.981658354278307,-8.321870075030343,-1.303555834554193,-2.083756493685922,0.578263800593561,5.622978602320835,6.463769352145622,2.264030927483979,0.5379824061962127,3.4519169075567486,11.152575804052855,0.7972928996222339,4.308022246099579,14.201171345932195,0.4519913318032385,4.367442214074194,-0.9332079357628879,0.07127223535529167,4.458880433379563,-6.473545836507061,-2.1725418351635146,-0.3484014160793647,8.300644392671625,0.9340821308171696,2.58960241819062,9.520531746276141,2.3589010693564756,9.124393520146008,-1.735956019930999,-2.4375573329550515,4.2915781118606,8.25522245621958,0.30951706643445365,-5.19547877339387,5.666758790143708,0.12578844522191424,1.4091136911371729,4.007633642970435,2.953445884571877,2.111743025116237,1.3109271313182624,1.314338435161356,4.150251524086958,-1.7350924874672549,7.682813394394419,8.269257152432429,11.456609856441892,3.083190961312091,3.0195082631443855,3.0550577691128136,3.168448338823693,3.0513120096640867,2.3094182269824888,0.05385084022575182,7.813777122431928,1.7027056058777539,4.1161246541289795,-2.698103633627816,5.599027079247093,3.3360681247583495,2.8146075776653454,2.5418368536213407,-3.4156923658557834,2.914240347058874,8.19066090313645,-1.1207812820058147,5.104258410347986,2.004971212486539,5.31191922005151,5.197408571653471,5.899870559986301,4.700969261032004,2.6704319388535147,8.912298780431241
19,4.550085185483674,3.705720338364833,0.09022602042614236,6.186598780191912,-3.3850192319800896,-0.6261162868215417,1.2198342007363538,10.458735164021768,7.798822269047703,-2.971349610020248,9.438323000401672,3.4828452484082635,2.687043939711365,0.23268602544971156,2.8913515645141863,-3.1495954637151726,-4.243880662180667,-9.962429937335743,-2.5218412096788576,-2.7020550912482912,0.9550806525833531,5.8398235945178305,8.551899428452423,1.6856711084212719,0.8788822885712753,5.163988799844397,10.788122124574764,1.1061741805396175,3.0387659602792203,13.735652107563586,0.8579753928171556,5.542740373573064,0.6752565850075785,1.1372616364140344,3.5273990835119156,-6.9913802107054135,-2.8583949113559397,-1.9000219299491656,7.421322515239056,1.307970106920369,2.746246291733568,9.642595236296811,2.353558477006459,7.44065110331429,0.563122488320741,-1.3283444220256702,5.594570797922602,7.525468150270566,0.031779492668363704,-5.198154203585364,4.484662026340702,0.31356904736406976,1.3028718466424885,3.6572574901724852,1.846790846492282,2.5227614929434186,-0.5011331385648734,1.4512972299724467,3.5855857028655223,-2.471827605087266,8.913728236982086,7.512899418989402,13.267662976611172,2.4894233504622143,1.915542805663547,3.1028360326048854,4.884079537375392,1.6173023289009634,2.1312836835305946,1.3852658176422108,7.571866569454859,1.094616525776837,2.7954293813437032,-5.048853622717506,8.115423862397193,3.153390181065192,1.205440396518677,0.7643691417982512,-3.734291122310377,2.5133584801521938,9.196780895527263,-1.255187106929799,6.079499867589002,0.3613688506425689,5.985522149450909,5.589533754028363,9.080119546515629,4.16295509202774,3.4130981278304637,10.527137495896309
20,5.389972952598429,1.9976619963221693,1.727784178871924,3.6383486009024626,-1.931486398371133,-2.6520345052398113,-0.13403544994250732,8.523977297863809,7.731325936560727,-4.575230629026435,10.019662977103433,4.841462342302521,3.8147783031177265,1.2923319584934074,5.234817620236794,-1.9267697445620975,-0.8546298942356986,-7.602700165314205,-2.4089042818643,-1.306202877078845,1.1205887000033834,6.838601225580008,10.173437544508214,0.9626743691310986,-0.0307610580140234,4.667296496127934,10.71717425952735,0.28331727537928686,2.5559284915647256,13.105740751299498,0.7177435092860824,5.6123391829384,-0.33413677896035354,0.30835499963025453,5.283187726102406,-7.023543512184218,-3.994624611684557,-2.0085236531750166,5.739238360333433,-0.005563755554639616,1.2803917989757798,9.473089649200036,0.6681254442120705,7.426558605640891,-0.13291645658385476,-2.403223300994581,4.4758193571675635,6.847126832161401,1.2379909216701965,-4.014437947998225,4.692380900563234,-0.4046701612854504,0.3928105820149792,2.6364117351033243,0.8958251352794061,1.9313924998496113,-0.3476335562962966,-0.5064433718234415,2.271939983836638,0.798370512532824,7.564265244716626,9.01274946976982,12.44094918442842,3.411910842192328,2.08593234592485,3.0071504586625397,4.422052560544491,2.1518480792274572,1.5509033202573024,2.0369417649168597,6.8076673980998095,2.0771755666713814,0.847572333956244,-4.07055800347959,6.11800394787732,2.396086625573339,0.9954755382833356,3.862454068199841,-3.263933662279537,2.8902332028788043,9.820416138066946,1.2396662487793044,7.263048284284532,0.5090631233266553,6.366919113480543,5.248072508561599,12.582779507637655,4.5305326882006645,1.3095465320977069,10.34927195891501
21,5.817238655698963,2.3653645727715524,0.5077659852326608,4.016123879401572,-2.3778025286140654,-2.7971345359487385,0.6785212808098101,6.801021053029955,10.749472484344077,-4.591729990229421,9.112871088626703,4.553879589863976,4.0362079253097995,-0.24352983036625425,4.291279991583805,-3.3501541316512538,0.5342765123354303,-7.575293435241483,-1.8408674766840722,-2.65417054436089,2.672505407404136,6.573814023144068,9.762206493643315,0.8569881631231384,0.8997067210568276,3.6632658580061266,10.880651662582519,-0.18522026935237595,3.2729297100125536,13.586817083200112,0.41916499385111816,4.339636254226233,0.02452152474813396,0.3962163342752373,5.638594427570407,-7.872238385147405,-3.3283904513394327,-1.5349023795181822,7.025020138089616,1.3003803531932072,1.873224545939471,8.267961904589418,1.127531842846159,7.574261349871744,-0.9993125583821603,-2.1852037970357356,6.891046059023639,8.853675132743533,0.7581040310537859,-5.748285666817067,7.343065915879546,0.42518264221080715,1.4432823362536755,4.11607461048374,0.8928689433972932,0.3346047709802503,-1.771287819173587,-0.8357825224942669,2.856592135850687,0.042086172952766676,6.755232381235713,7.598281667442231,8.1383767675867,1.7826121414233878,3.733669951370542,2.060814671467344,3.0949684876804398,2.120242596599274,4.209883909698667,2.064149903624796,6.759319971159237,3.7013665418283543,3.3687634728405453,-2.8179395838666883,8.638278227203855,2.5037810330429626,1.3502587422534278,3.225183902720208,-5.839124428613112,4.727877088549922,8.524711039605185,0.06820095739617188,6.446111568582289,-1.1837920686643835,5.9353392864294445,5.479195912696259,11.38731755425089,2.3416282917312548,2.6336364999429294,8.581349229586376
22,5.966681760200326,2.604433389392965,-0.043478776312994405,3.995944252954528,-3.248536556235725,-1.7596913207145695,1.2624795032142004,7.9982617416318895,8.998370473878357,-5.113990480018559,9.23456615274548,4.42600879414256,3.514914356725589,1.6403093188827653,2.8340901935482905,-1.4554729326567717,0.5405529340589692,-6.449215048288959,-0.8069660876268347,-1.1704688141536026,2.1671129223500687,5.932799122648756,8.097518060321976,1.4554988460636764,1.5537830626752425,3.026992279342953,13.34805530085274,-0.7020525131208827,4.240996483062709,14.549688069934351,-0.02428700778190107,5.509306655483524,-1.2929965147697406,0.46303046233469825,5.571449491271602,-9.159331623913491,-3.909700911804064,-1.4429933119303542,4.638326035515047,1.916453303352697,3.190376290350394,10.027797917251318,3.7495597191058883,6.407975828930652,0.3589328334938797,-0.7486154819858478,4.541936468358943,10.716295886409112,0.8848050182769391,-5.075941394977255,7.1548943824503475,0.9957354841280338,1.3997297295932256,2.642855220829568,0.06344731756249888,0.09475974309317847,-1.3112585853750662,-0.2680019284044837,2.581354319825475,0.44966756847815825,7.040096021146775,7.350392490474073,9.796198390482378,1.8643237493484492,4.148790488840274,2.627406439574396,4.170726815785274,2.695453739063972,4.437828938735104,1.0534235932724054,4.576629897696247,2.5641479850341717,1.6822384798482704,-4.539441383249308,9.708545008222577,1.9873344070765664,0.3381545482877976,4.238072861442167,-5.7009044294740026,6.2307170851282345,8.374707704103642,-1.0486929102693794,7.628493905110957,-0.9293178278153745,5.244185067415507,5.7417443716416035,9.156396566474767,4.419729377212051,4.377569190510662,9.639498496664334
23,6.122151986082326,2.6770217342241276,1.1122152059515975,3.9279837024356032,-2.6860381857315945,-0.27197801004292144,0.9129351346474351,7.802626462949653,7.570453451692627,-6.287195354283571,7.145276969639016,4.5468749533905966,3.2254680529479933,2.1661031028079174,2.0105340736123725,-1.363660058398545,1.4472656144025238,-7.446786832355932,-1.3902109426912868,-1.5165654905554606,2.230823468958928,8.84987023196717,8.011245604543792,1.4020469381383336,2.4575802194153065,1.5758253186987377,14.237547904755067,-1.8009380301787843,4.072284505158588,15.267117834478922,1.9511938465423224,6.552819211122689,-0.7437732630471219,-1.77920204316688,3.8763458324081768,-10.814552196591379,-4.1187789038073666,-2.4661723826883635,3.5855640692269097,2.6468912003156717,0.6814986698237304,10.921018050214721,3.7090837416717095,7.292868463145537,2.4739681760285466,-0.9386275918778291,3.2951504788930537,10.700995772205582,0.5883025766174202,-5.128119254078654,4.8963224200113675,-1.158797899973663,0.5713702506432118,6.455321031053929,0.8884325575758649,1.0204986370795446,-0.3988733888568872,-2.1130767949154734,3.1501510403435,0.397120737344547,7.306023173628639,7.052626326193478,10.44931702247169,2.5550755445688855,4.8247724376062076,1.3569729419560765,4.174342632523325,3.2381235061224594,6.432279900925005,0.8452108325116199,6.7979280329424645,3.1439249031441276,3.746172668807044,-5.668790495250554,9.256373202690073,3.715223427873227,1.219650438983856,5.539520745872705,-7.417297481974033,7.479816227229443,7.219967029104822,1.939223578806583,7.374532611857873,-1.1892655456808967,4.994621137088063,5.857565704382394,10.006412749947751,4.313649298848197,2.577426237919165,10.18616627397385
24,7.048938441601224,1.3047968589596073,1.6506984611494455,1.3956052272518167,-4.237385591340678,1.0577024335049712,0.592723746798421,5.756492839133829,5.77993877600048,-7.186972642153237,8.342308518060852,5.008500959960129,2.5656611770670956,1.5369318852923899,3.606483088272213,-1.9814783933111217,-0.6776039421719615,-6.514522858400044,-0.17260332824236663,-3.033449090464212,1.8288509291917863,6.457959788017732,6.040508265689263,3.157611181312887,2.0681581754294918,2.6572980101326498,14.995100299707918,-0.8809442453308959,5.832059068142784,14.469475038524424,1.1748972084173814,5.650091758267136,-0.9708246546141176,-0.5929513095962468,3.1648673254588484,-9.18101436309181,-4.7698609982500075,-2.0493480173449727,3.4703721092601416,0.8321614052536461,1.0455188915419469,9.683403775096032,4.051986272085204,8.177201767595104,1.3211948362714936,-1.5616853181977626,4.547943655337739,9.363899662204162,1.7190502566405508,-4.87108603835845,3.747070207091544,-0.21459835355883342,-1.657591282347243,6.698145841279389,0.4771968999598618,0.6438094128088874,-0.010827993755018472,-2.173657439148705,4.906574295178403,1.1274210220648206,8.545309095510802,7.652918462411655,10.616079470722525,2.0243686788335533,5.005466193893684,0.2875780286416413,4.278872052102286,3.1709355559049697,4.480480022250308,0.06522537634361225,5.248668859306642,1.447536696289704,3.424692857301921,-4.084971311759504,10.856033358746727,4.2334485190399835,1.1806579364311907,5.767275792289561,-7.742684029142596,7.3345421543564155,7.535703569545837,2.4403561836485075,7.666039431869116,0.1980177281241673,4.492234114601876,5.341144383534661,9.078146403941695,2.590683972260694,3.7042456470934146,10.043395730044942
25,8.536656536791849,3.772304982352579,3.2352002184863973,1.5972447183388916,-2.957197884023836,0.4120983963017747,0.4283788948204659,5.496935567256782,6.4536734277685,-6.439918191692157,8.546702638900591,4.936775230959021,2.721226381332966,1.1570748516493112,4.688746392224822,-1.75732152659588,1.1280045712452003,-8.815350941185702,-0.25749453304757886,-4.0657895220954945,0.7260378768231008,6.2809171289297865,7.26202862859252,3.2653157854989607,2.0029815130312296,0.4430740591554123,16.881352103372038,-2.263928395511278,6.0690653954823635,14.731394166232773,1.4681339144540089,5.651479807389734,-0.6194878286747227,-2.268172536885287,3.9192587459695094,-7.990839427112582,-3.198386925298228,-3.5880736176208656,2.477823861043216,0.4841812498504431,-0.8454569616827743,8.78543306427267,3.556140557732022,8.552083689075342,-0.19141035469568596,-0.6560023735566223,5.243235460669566,9.3453404945414,2.088885501623975,-5.934932541952755,4.469820883173867,-0.17340117319461934,-0.1237123577099569,6.730817979878155,1.886897645420494,0.3503424349137498,-0.7623398836239144,-2.480406340889805,4.469957795023726,0.23927565966947628,7.543615672216752,8.430556793258237,9.575801132622935,-0.07206589682375275,3.883975401728808,0.9292918239513479,5.705548930063321,3.022307476872154,5.283109457184907,1.599155816580726,7.049466376966475,1.070099129072143,3.1431336230709754,-2.941273525739175,11.006880069036251,2.3895181647251276,2.8162205757931154,3.31669337405614,-7.903802164634847,5.723755629690919,8.113080935719038,2.3301112420041874,6.019531868360872,-0.38637984997537955,5.056447894790066,4.699545216653404,10.6726672954928,3.6874795508451155,4.571004368809425,11.236465965990893
26,7.103323687188529,3.446141073769921,3.37309163609901,1.8305908158389326,-3.917181162030057,-1.1493664326256408,2.303226464934636,3.52866200680751,7.762783781559222,-6.785995299876477,9.016335482277663,5.666729293156005,2.4779344622697677,0.7974874357074622,2.9139626350066514,-1.300806060127099,0.4907561628729837,-7.5937862752571155,-1.3258214419791832,-4.06495021869853,-0.6148625949143955,8.091253866681718,9.47398061314793,3.5178057092136203,2.6005068038341763,0.5300955883073057,15.694989080762616,-2.2302381724622746,6.49334964065525,14.18647619754723,3.1787684136435668,6.534430768071701,-0.3229010930604952,-1.1898532443866492,3.4485320294345296,-8.255559545297851,-3.981882939328491,-2.7529154497330692,3.8200551699365617,0.7711488505387858,-1.1049770751993901,6.877171032064472,4.783900062023088,8.052957638572005,3.177461073042348,-2.345586429244605,7.624842337364102,9.96490150483965,3.27282448918054,-5.353838276448618,6.048861485871484,0.2641024651175948,0.38455130885743366,9.565287015646316,0.44041550507996274,-0.22536179072086182,-1.4829294604883365,-4.593847291437365,2.5384967677019277,-1.1870159445360435,7.950988778330523,9.26081342902584,9.852995150918462,1.1673500225861533,4.055254910444083,1.2323182838542621,4.987238894017441,4.282215776870909,6.061918846529863,0.9911156545977458,7.412107207181331,-0.07393160332833203,4.698179852161775,-3.369587358315198,11.24477708376209,4.4851451935059305,2.329838854269715,3.3362838054105115,-8.618155228163486,6.639123326641776,8.508847288048864,2.2272051106958344,5.039323233202256,-0.0456541779759613,5.365266551190616,4.683758395759715,8.835615601924527,2.69110821814599,2.991641571483533,11.73148122697452
27,6.414633333272517,3.587633356082319,4.968894323940138,1.6528906467270295,-4.4291243769557225,-0.9895588202442002,0.047005680923084325,3.8663141866781063,4.428834991689924,-6.084678301506395,8.182540493601943,5.0790214511976215,1.7821688618507834,0.2728645496607719,4.057995956327525,-0.9878963983886464,-0.2732985344877238,-8.960923755660092,-1.559009035659301,-3.185328475859502,1.7030637046256911,6.909209006566469,9.647453991667174,2.365007260662775,2.9394219561177164,1.2759876545238937,16.691206046969135,-3.437048263728343,8.469753577446783,13.952124799734523,3.3206181935039023,4.498970149444131,1.364831065821733,-1.0132122142338513,3.545084357805563,-6.988361971610234,-2.90505244133072,-2.0482731336303877,4.758720947480578,0.7747288165194801,-0.3719251522424544,9.788192266120623,4.883877055707852,10.172554505432654,4.337828917949679,-1.6163678517553386,7.556356027745729,10.183498945245686,2.3565220145356895,-3.046681150257183,6.179138780345781,0.43391554091826445,-0.18265935688184076,8.296362008987527,1.077863561072044,-0.5762810873789351,-2.4433393273329935,-4.457822274324625,3.3353790372404717,-0.7055135370837129,9.749454174440467,7.427096185692861,8.35414575639653,1.5203912071202823,5.204295444685566,-0.22240005351048409,3.850191006811131,7.256445140910584,3.895577110943513,1.5244314571100768,8.77387435352427,-0.9610737114954266,5.461414753701627,-0.35225867393457255,9.36132503374307,3.30416625292304,3.322180027038491,4.6595356445230545,-9.035357707368325,8.387312890689824,9.91691614252947,2.962516089075641,5.802182315236038,0.14169434238315443,6.348319440914596,4.66971935077223,6.562959517954468,4.010876025804833,2.3977395228078953,11.624517459270068
28,6.901757642112944,4.241073938070515,4.24249504424792,4.265566412488406,-4.6589623831644555,-0.6134678461045984,0.8998499517045555,2.4497509595340023,3.5001092874788213,-3.431173544021896,7.969188025162978,6.761098277563534,0.11316428231696607,-1.5038339286237448,4.856219975193253,-0.04953232095420828,0.2464356212032449,-7.2255477817156875,-2.5234302566528117,-4.947392615873812,2.4610850467079715,8.701381821196785,9.754879473114839,0.8550790712570356,2.2001064174836236,2.1308317491782036,15.989578155456403,-3.3611006279605165,8.410180240341338,15.145499340934698,1.6702870900210907,4.476383395704953,1.3633231135916386,-0.684822914403116,4.422445590867544,-6.054132424010231,-5.066944714855011,-1.6286928635287694,3.521369596983797,-0.03246462782106285,-0.5408259655339587,8.004359630668947,3.445914237706436,8.848496226601336,4.691600770694009,-2.3947057776915566,7.171314267015595,9.080913303018377,4.004765591728091,-3.724032479722155,7.867478196705796,-1.216436973638845,2.099257192621311,8.037337543829366,1.1710425421940387,-1.58633318849387,-3.7014610109776944,-6.425444124051303,3.5434559285001974,-0.0035297331479556895,7.855399404574149,6.85073572231288,8.72235945994936,1.6395068765720096,5.770370570478515,2.711293300825185,2.926438050191838,6.364098401827104,3.5667934814377458,1.9470026072384181,9.29375501701664,0.9611327845544049,5.441336831543997,-1.3297903438289973,7.726148468756417,3.3479746955990675,2.0529997014694423,3.412108625945863,-9.237316980382152,6.433303757111972,10.965967651526947,3.242737841257611,5.170294507811796,0.8266882189793566,6.419118792875475,3.254694393271207,6.882281859517619,3.5429607933854514,4.982419016841143,10.076416332410929
29,6.3257503218866615,4.47072920172988,3.888127026849993,2.1712872245934505,-3.6480863889031188,-0.6017542707014516,2.4737089373411125,2.524225339738087,2.0446415089103795,-3.9587228498924967,6.963313155879438,6.743830094374044,0.3673583533708885,-0.031310615754410104,6.408349487314205,-2.5348643110749216,0.7250624267635084,-7.438868296056892,-3.2946133151625707,-3.3046346048086357,2.1099857594675924,7.149087695216856,10.71376471684249,0.6512572640216935,3.241513932140924,4.049183171905796,15.345371022949443,-3.293425888092033,8.95592229942488,15.768500898893445,1.6877061559335265,3.9989032362405554,1.2419043756446373,-1.2680882949847767,5.065925459172242,-5.278352766203778,-2.9862151577813845,-2.4862853304634602,4.635631066198843,-1.0224721147439184,-0.6527278502816245,8.183399684978745,3.39091794083653,8.1954584235146,4.671181493197652,-2.2543160649690517,7.369573283290711,8.260512451749157,3.3336527405137155,-3.6380360827810008,5.921732539113101,-1.0600143190498046,3.149824266403125,7.562920938688149,3.0965991459796944,-0.7751813484674339,-2.3354545004305325,-5.185360027686372,1.7979397487411815,-0.23950783611664744,7.049625948662895,7.184468323159386,9.661472410233543,1.9712527234676998,4.513876547648474,4.2063678036361365,3.669360921256957,7.133952527784899,5.6086759789382,0.9227562854943456,8.07427674562248,2.0204182665021824,4.689598399004692,-3.5016967980972504,8.063524304673843,3.4064114723372687,1.747354511278519,2.4896824231440844,-8.67313497029055,5.9680415980266925,9.982629177112267,4.338249838924692,3.857801477185999,1.6224707064360289,6.917425901767473,3.414743761844703,9.084841521355367,3.512183388020498,3.7042368564106405,11.800579118941787
